"ID_SITE","ID_ENTITY","ID_SAMPLE","entity_name","avg_depth","charcoal_measurement","original_est_age","TYPE"
59,88,20120,"Lake Van core",0.005,16648.67188,0,"concentration"
59,88,20121,"Lake Van core",0.025,15547.93359,32,"concentration"
59,88,20122,"Lake Van core",0.065,13156,127,"concentration"
59,88,20123,"Lake Van core",0.105,17259.63281,222,"concentration"
59,88,20124,"Lake Van core",0.185,15050.40039,378,"concentration"
59,88,20125,"Lake Van core",0.265,17102.72656,502,"concentration"
59,88,20126,"Lake Van core",0.305,12059.61523,573,"concentration"
59,88,20127,"Lake Van core",0.345,7099.245117,644,"concentration"
59,88,20128,"Lake Van core",0.43,9953.967773,716,"concentration"
59,88,20129,"Lake Van core",0.505,6377.288086,817,"concentration"
59,88,20130,"Lake Van core",0.585,7806.224121,942,"concentration"
59,88,20131,"Lake Van core",0.665,7291.860352,1080,"concentration"
59,88,20132,"Lake Van core",0.745,10874.56641,1217,"concentration"
59,88,20133,"Lake Van core",0.785,22132.94141,1279,"concentration"
59,88,20134,"Lake Van core",0.808,20448.91,1342,"concentration"
59,88,20135,"Lake Van core",0.868,10812.06,1425,"concentration"
59,88,20136,"Lake Van core",0.908,15677.5,1508,"concentration"
59,88,20137,"Lake Van core",0.99,16079.4873,1660,"concentration"
59,88,20138,"Lake Van core",1.072,23225.92,1828,"concentration"
59,88,20139,"Lake Van core",1.152,22132.94,1960,"concentration"
59,88,20140,"Lake Van core",1.232,12974.48,2035,"concentration"
59,88,20141,"Lake Van core",1.312,21624.13,2162,"concentration"
59,88,20142,"Lake Van core",1.392,19394.84,2208,"concentration"
59,88,20143,"Lake Van core",1.472,15677.5,2277,"concentration"
59,88,20144,"Lake Van core",1.552,19803.15,2432,"concentration"
59,88,20145,"Lake Van core",1.632,18626.73,2542,"concentration"
59,88,20146,"Lake Van core",1.712,17917.14,2657,"concentration"
59,88,20147,"Lake Van core",1.792,10169.18,2765,"concentration"
59,88,20148,"Lake Van core",1.872,15943.22,2919,"concentration"
59,88,20149,"Lake Van core",1.952,21138.2,3018,"concentration"
59,88,20150,"Lake Van core",2.035,31886.44141,3034,"concentration"
59,88,20151,"Lake Van core",2.115,17102.72656,3148,"concentration"
59,88,20152,"Lake Van core",2.195,19596.875,3176,"concentration"
59,88,20153,"Lake Van core",2.325,26129.16602,3221,"concentration"
59,88,20154,"Lake Van core",2.405,24432.4668,3286,"concentration"
59,88,20155,"Lake Van core",2.485,22666.26563,3400,"concentration"
59,88,20156,"Lake Van core",2.565,11758.125,3512,"concentration"
59,88,20157,"Lake Van core",2.645,15050.40039,3614,"concentration"
59,88,20158,"Lake Van core",2.725,15547.93359,3721,"concentration"
59,88,20159,"Lake Van core",2.805,20448.91211,3815,"concentration"
59,88,20160,"Lake Van core",2.886,11685.09,3880,"concentration"
59,88,20161,"Lake Van core",2.966,12885.61,3940,"concentration"
59,88,20162,"Lake Van core",3.046,15050.4,4016,"concentration"
59,88,20163,"Lake Van core",3.126,12059.61,4087,"concentration"
59,88,20164,"Lake Van core",3.206,14471.53,4167,"concentration"
59,88,20165,"Lake Van core",3.286,10874.56,4256,"concentration"
59,88,20166,"Lake Van core",3.366,15050.4,4356,"concentration"
59,88,20167,"Lake Van core",3.446,8197.38,4472,"concentration"
59,88,20168,"Lake Van core",3.526,9875.59,4572,"concentration"
59,88,20169,"Lake Van core",3.606,10451.66,4679,"concentration"
59,88,20170,"Lake Van core",3.686,11758.12,4818,"concentration"
59,88,20171,"Lake Van core",3.766,17917.14,4970,"concentration"
59,88,20172,"Lake Van core",3.8339,13342.55,5104,"concentration"
59,88,20173,"Lake Van core",3.9139,17259.63,5279,"concentration"
59,88,20174,"Lake Van core",3.9939,18089.42,5457,"concentration"
59,88,20175,"Lake Van core",4.0739,12458.94,5632,"concentration"
59,88,20176,"Lake Van core",4.1539,17917.14,5732,"concentration"
59,88,20177,"Lake Van core",4.2339,15150.73,5842,"concentration"
59,88,20178,"Lake Van core",4.3139,17400.61,5973,"concentration"
59,88,20179,"Lake Van core",4.3939,17259.63,6109,"concentration"
59,88,20180,"Lake Van core",4.4739,20903.33,6261,"concentration"
59,88,20181,"Lake Van core",4.5539,19196.93,6446,"concentration"
59,88,20182,"Lake Van core",4.6339,17259.63,6611,"concentration"
59,88,20183,"Lake Van core",4.71,16797.32227,6784,"concentration"
59,88,20184,"Lake Van core",4.79,24753.94727,6910,"concentration"
59,88,20185,"Lake Van core",4.87,26730.13672,7064,"concentration"
59,88,20186,"Lake Van core",4.95,19196.93945,7259,"concentration"
59,88,20187,"Lake Van core",5.03,18753.83984,7489,"concentration"
59,88,20188,"Lake Van core",5.11,29013.82617,7691,"concentration"
59,88,20189,"Lake Van core",5.19,32588.63867,7879,"concentration"
59,88,20190,"Lake Van core",5.27,21378.4082,8132,"concentration"
59,88,20191,"Lake Van core",5.35,21624.13867,8286,"concentration"
59,88,20192,"Lake Van core",5.43,20229.0332,8515,"concentration"
59,88,20193,"Lake Van core",5.51,18444.11719,8709,"concentration"
59,88,20194,"Lake Van core",5.59,27942.83789,8920,"concentration"
59,88,20195,"Lake Van core",5.67,37505.40234,9140,"concentration"
59,88,20196,"Lake Van core",5.75,41806.66797,9317,"concentration"
59,88,20197,"Lake Van core",5.83,38393.87891,9460,"concentration"
59,88,20198,"Lake Van core",5.89,28772.82422,9603,"concentration"
59,88,20199,"Lake Van core",5.9,49507.89453,9628,"concentration"
59,88,20200,"Lake Van core",5.92,50595.56641,9683,"concentration"
59,88,20201,"Lake Van core",5.94,33594.64453,9736,"concentration"
59,88,20202,"Lake Van core",5.96,37277.60938,9781,"concentration"
59,88,20203,"Lake Van core",5.98,25422.97266,9828,"concentration"
59,88,20204,"Lake Van core",6,27880.52734,9878,"concentration"
59,88,20205,"Lake Van core",6.02,27115.45117,9932,"concentration"
59,88,20206,"Lake Van core",6.04,30840.98438,9987,"concentration"
59,88,20207,"Lake Van core",6.06,37626,10042,"concentration"
59,88,20208,"Lake Van core",6.08,28504.54492,10098,"concentration"
59,88,20209,"Lake Van core",6.1,33005.26172,10152,"concentration"
59,88,20210,"Lake Van core",6.12,31355,10189,"concentration"
59,88,20211,"Lake Van core",6.14,28504.54492,10227,"concentration"
59,88,20212,"Lake Van core",6.16,33594.64453,10284,"concentration"
59,88,20213,"Lake Van core",6.18,35187.27734,10339,"concentration"
59,88,20214,"Lake Van core",6.2,31886.44141,10390,"concentration"
59,88,20215,"Lake Van core",6.22,36178.84766,10444,"concentration"
59,88,20216,"Lake Van core",6.24,30727.90039,10503,"concentration"
59,88,20217,"Lake Van core",6.26,34205.45313,10571,"concentration"
59,88,20218,"Lake Van core",6.28,45885.36719,10639,"concentration"
59,88,20219,"Lake Van core",6.3,44792.85547,10714,"concentration"
59,88,20220,"Lake Van core",6.32,62710,10791,"concentration"
59,88,20221,"Lake Van core",6.34,31886.44141,10864,"concentration"
59,88,20222,"Lake Van core",6.36,26129.16602,10938,"concentration"
59,88,20223,"Lake Van core",6.38,37011.19531,11016,"concentration"
59,88,20224,"Lake Van core",6.4,35253.1875,11088,"concentration"
59,88,20225,"Lake Van core",6.42,21840.37891,11155,"concentration"
59,88,20226,"Lake Van core",6.44,19907.93555,11216,"concentration"
59,88,20227,"Lake Van core",6.46,20505.17383,11273,"concentration"
59,88,20228,"Lake Van core",6.48,10033.59961,11329,"concentration"
59,88,20229,"Lake Van core",6.5,10365.28906,11374,"concentration"
59,88,20230,"Lake Van core",6.52,14416.0918,11412,"concentration"
59,88,20231,"Lake Van core",6.54,14092.13477,11449,"concentration"
59,88,20232,"Lake Van core",6.56,8649.655273,11462,"concentration"
59,88,20233,"Lake Van core",6.58,10196.74805,11476,"concentration"
59,88,20234,"Lake Van core",6.6,12929.89648,11490,"concentration"
59,88,20235,"Lake Van core",6.62,7327.910156,11503,"concentration"
59,88,20236,"Lake Van core",6.64,14755.29395,11517,"concentration"
59,88,20237,"Lake Van core",6.66,13935.55566,11530,"concentration"
59,88,20238,"Lake Van core",6.68,11944.76172,11544,"concentration"
59,88,20239,"Lake Van core",6.7,9798.4375,11557,"concentration"
59,88,20240,"Lake Van core",6.72,12176.69922,11571,"concentration"
59,88,20241,"Lake Van core",6.74,11721.49512,11584,"concentration"
59,88,20242,"Lake Van core",6.76,8958.571289,11598,"concentration"
59,88,20243,"Lake Van core",6.78,8474.324219,11611,"concentration"
59,88,20244,"Lake Van core",6.8,5225.833496,11625,"concentration"
59,88,20245,"Lake Van core",6.82,12929.89648,11638,"concentration"
59,88,20246,"Lake Van core",6.84,13064.58301,11659,"concentration"
59,88,20247,"Lake Van core",6.86,4732.830078,11682,"concentration"
59,88,20248,"Lake Van core",6.88,9023.021484,11706,"concentration"
59,88,20249,"Lake Van core",6.9,8895.035156,11735,"concentration"
59,88,20250,"Lake Van core",6.92,17180.82227,11768,"concentration"
59,88,20251,"Lake Van core",6.94,18444.11719,11793,"concentration"
59,88,20252,"Lake Van core",6.96,17917.14258,11819,"concentration"
59,88,20253,"Lake Van core",6.97,14471,11832,"concentration"
59,88,20254,"Lake Van core",6.98,14697.65625,11847,"concentration"
59,88,20255,"Lake Van core",7,11612.96289,11876,"concentration"
59,88,20256,"Lake Van core",7.02,13043.67969,11910,"concentration"
59,88,20257,"Lake Van core",7.04,9044.711914,11924,"concentration"
59,88,20258,"Lake Van core",7.06,8709.722656,11946,"concentration"
59,88,20259,"Lake Van core",7.08,8520.380859,11978,"concentration"
59,88,20260,"Lake Van core",7.1,7799.751465,12006,"concentration"
59,88,20261,"Lake Van core",7.12,11527.57324,12033,"concentration"
59,88,20262,"Lake Van core",7.2,14252.27246,12128,"concentration"
59,88,20263,"Lake Van core",7.27,14651.86914,12228,"concentration"
59,88,20264,"Lake Van core",7.34,10592.90527,12307,"concentration"
59,88,20265,"Lake Van core",7.41,9860.0625,12387,"concentration"
59,88,20266,"Lake Van core",7.48,10451.66699,12468,"concentration"
59,88,20267,"Lake Van core",7.552,10582.31,12550,"concentration"
59,88,20268,"Lake Van core",7.6029,10656.6,12612,"concentration"
59,88,20269,"Lake Van core",7.6729,10235.89,12714,"concentration"
59,88,20270,"Lake Van core",7.7429,13261.62,12791,"concentration"
59,88,20271,"Lake Van core",7.8129,13064.58,12881,"concentration"
59,88,20272,"Lake Van core",7.8829,15050.4,12970,"concentration"
59,88,20273,"Lake Van core",7.9529,21875.58,13061,"concentration"
59,88,20274,"Lake Van core",8.0229,20448.91,13109,"concentration"
59,88,20275,"Lake Van core",8.0929,18116.22,13292,"concentration"
59,88,20276,"Lake Van core",8.1629,15074.51,13499,"concentration"
59,88,20277,"Lake Van core",8.2329,13064.58,13684,"concentration"
59,88,20278,"Lake Van core",8.3029,10451.66,13857,"concentration"
59,88,20279,"Lake Van core",8.3729,9922.46,14035,"concentration"
59,88,20280,"Lake Van core",8.44,10114.5166,14209,"concentration"
192,241,46006,"Krimda core",0.02,1,8,"other"
192,241,46007,"Krimda core",0.1,1,40,"other"
192,241,46008,"Krimda core",0.18,1,75,"other"
192,241,46009,"Krimda core",0.26,1,113,"other"
192,241,46010,"Krimda core",0.34,1,153,"other"
192,241,46011,"Krimda core",0.42,1,195,"other"
192,241,46012,"Krimda core",0.5,1,240,"other"
192,241,46013,"Krimda core",0.6,1,300,"other"
192,241,46014,"Krimda core",0.7,1,363,"other"
192,241,46015,"Krimda core",0.78,1,417,"other"
192,241,46016,"Krimda core",0.84,3,459,"other"
192,241,46017,"Krimda core",0.9,1,502,"other"
192,241,46018,"Krimda core",1,1,577,"other"
192,241,46019,"Krimda core",1.1,1,656,"other"
192,241,46020,"Krimda core",1.18,4,722,"other"
192,241,46021,"Krimda core",1.26,1,790,"other"
192,241,46022,"Krimda core",1.34,5,861,"other"
192,241,46023,"Krimda core",1.4,1,916,"other"
192,241,46024,"Krimda core",1.48,1,991,"other"
192,241,46025,"Krimda core",1.58,1,1089,"other"
192,241,46026,"Krimda core",1.66,4,1169,"other"
192,241,46027,"Krimda core",1.74,1,1253,"other"
192,241,46028,"Krimda core",1.8,1,1317,"other"
192,241,46029,"Krimda core",1.88,1,1404,"other"
192,241,46030,"Krimda core",1.96,1,1494,"other"
192,241,46031,"Krimda core",2.02,1,1563,"other"
192,241,46032,"Krimda core",2.1,1,1658,"other"
192,241,46033,"Krimda core",2.18,4,1755,"other"
192,241,46034,"Krimda core",2.26,1,1854,"other"
192,241,46035,"Krimda core",2.32,2,1930,"other"
192,241,46036,"Krimda core",2.44,1,2087,"other"
192,241,46037,"Krimda core",2.48,2,2140,"other"
192,241,46038,"Krimda core",2.52,1,2194,"other"
192,241,46039,"Krimda core",2.58,1,2276,"other"
192,241,46040,"Krimda core",2.66,3,2388,"other"
192,241,46041,"Krimda core",2.74,1,2502,"other"
192,241,46042,"Krimda core",2.82,2,2619,"other"
192,241,46043,"Krimda core",2.9,3,2738,"other"
192,241,46044,"Krimda core",2.98,2,2860,"other"
192,241,46045,"Krimda core",3,2,2890,"other"
192,241,46046,"Krimda core",3.1,1,3047,"other"
554,644,114127,"Nar core",0,148.66,-43,"influx"
554,644,114128,"Nar core",0,0,-31,"influx"
554,644,114129,"Nar core",0,780.48,-21,"influx"
554,644,114130,"Nar core",0,627.17,-11,"influx"
554,644,114131,"Nar core",0,929.14,-2,"influx"
554,644,114132,"Nar core",0,1300.81,8,"influx"
554,644,114133,"Nar core",0,2725.5,18,"influx"
554,644,114134,"Nar core",0,557.49,28,"influx"
554,644,114135,"Nar core",0,371.65,38,"influx"
554,644,114136,"Nar core",0,805.26,48,"influx"
554,644,114137,"Nar core",0,205.39,63,"influx"
554,644,114138,"Nar core",0,205.39,83,"influx"
554,644,114139,"Nar core",0,293.41,103,"influx"
554,644,114140,"Nar core",0,176.04,123,"influx"
554,644,114141,"Nar core",0,58.68,143,"influx"
554,644,114142,"Nar core",0,381.44,163,"influx"
554,644,114143,"Nar core",0,645.51,183,"influx"
554,644,114144,"Nar core",0,117.36,203,"influx"
554,644,114145,"Nar core",0,58.68,223,"influx"
554,644,114146,"Nar core",0,88.02,243,"influx"
554,644,114147,"Nar core",0,58.68,263,"influx"
554,644,114148,"Nar core",0,176.04,283,"influx"
554,644,114149,"Nar core",0,58.68,303,"influx"
554,644,114150,"Nar core",0,0,323,"influx"
554,644,114151,"Nar core",0,146.7,343,"influx"
554,644,114152,"Nar core",0,88.02,363,"influx"
554,644,114153,"Nar core",0,58.68,383,"influx"
554,644,114154,"Nar core",0,146.7,403,"influx"
554,644,114155,"Nar core",0,88.02,423,"influx"
554,644,114156,"Nar core",0,293.41,443,"influx"
554,644,114157,"Nar core",0,146.7,463,"influx"
554,644,114158,"Nar core",0,176.04,483,"influx"
554,644,114159,"Nar core",0,146.7,503,"influx"
554,644,114160,"Nar core",0,146.7,523,"influx"
554,644,114161,"Nar core",0,410.78,543,"influx"
554,644,114162,"Nar core",0,586.83,563,"influx"
554,644,114163,"Nar core",0,234.73,583,"influx"
554,644,114164,"Nar core",0,234.73,603,"influx"
554,644,114165,"Nar core",0,176.04,623,"influx"
554,644,114166,"Nar core",0,88.02,643,"influx"
554,644,114167,"Nar core",0,352.09,663,"influx"
554,644,114168,"Nar core",0,88.02,683,"influx"
554,644,114169,"Nar core",0,264.07,703,"influx"
554,644,114170,"Nar core",0,0,723,"influx"
554,644,114171,"Nar core",0,176.04,743,"influx"
554,644,114172,"Nar core",0,205.39,763,"influx"
554,644,114173,"Nar core",0,205.39,783,"influx"
554,644,114174,"Nar core",0,146.7,803,"influx"
554,644,114175,"Nar core",0,234.73,823,"influx"
554,644,114176,"Nar core",0,381.44,843,"influx"
554,644,114177,"Nar core",0,58.68,864,"influx"
554,644,114178,"Nar core",0,88.02,884,"influx"
554,644,114179,"Nar core",0,117.36,904,"influx"
554,644,114180,"Nar core",0,205.39,924,"influx"
554,644,114181,"Nar core",0,146.7,944,"influx"
554,644,114182,"Nar core",0,234.73,964,"influx"
554,644,114183,"Nar core",0,293.41,984,"influx"
554,644,114184,"Nar core",0,322.75,1004,"influx"
554,644,114185,"Nar core",0,205.39,1024,"influx"
554,644,114186,"Nar core",0,234.73,1044,"influx"
554,644,114187,"Nar core",0,205.39,1064,"influx"
554,644,114188,"Nar core",0,322.75,1084,"influx"
554,644,114189,"Nar core",0,293.41,1104,"influx"
554,644,114190,"Nar core",0,762.88,1124,"influx"
554,644,114191,"Nar core",0,352.09,1144,"influx"
554,644,114192,"Nar core",0,146.7,1164,"influx"
554,644,114193,"Nar core",0,410.78,1184,"influx"
554,644,114194,"Nar core",0,498.8,1204,"influx"
554,644,114195,"Nar core",0,58.68,1224,"influx"
554,644,114196,"Nar core",0,176.04,1244,"influx"
554,644,114197,"Nar core",0,176.04,1264,"influx"
554,644,114198,"Nar core",0,88.02,1289,"influx"
554,644,114199,"Nar core",0,58.68,1304,"influx"
554,644,114200,"Nar core",0,88.02,1324,"influx"
554,644,114201,"Nar core",0,29.34,1344,"influx"
554,644,114202,"Nar core",0,29.34,1364,"influx"
554,644,114203,"Nar core",0,58.68,1384,"influx"
554,644,114204,"Nar core",0,264.07,1404,"influx"
554,644,114205,"Nar core",0,176.04,1424,"influx"
554,644,114206,"Nar core",0,88.02,1444,"influx"
554,644,114207,"Nar core",0,0,1464,"influx"
554,644,114208,"Nar core",0,88.02,1484,"influx"
554,644,114209,"Nar core",0,176.04,1504,"influx"
554,644,114210,"Nar core",0,0,1524,"influx"
554,644,114211,"Nar core",0,146.7,1544,"influx"
554,644,114212,"Nar core",0,176.04,1564,"influx"
554,644,114213,"Nar core",0,176.04,1584,"influx"
554,644,114214,"Nar core",0,205.39,1604,"influx"
554,644,114215,"Nar core",0,117.36,1624,"influx"
554,644,114216,"Nar core",0,117.36,1644,"influx"
554,644,114217,"Nar core",0,264.07,1664,"influx"
889,987,165086,"Lake Ifrah core",0.01005,1530459.52,38,"concentration"
889,987,165087,"Lake Ifrah core",0.09005,1355661.13,744,"concentration"
889,987,165088,"Lake Ifrah core",0.17005,1399058.43,1449,"concentration"
889,987,165089,"Lake Ifrah core",0.25005,1424752.53,2127,"concentration"
889,987,165090,"Lake Ifrah core",0.33005,1362383.82,2777,"concentration"
889,987,165091,"Lake Ifrah core",0.41005,1209421.92,3427,"concentration"
889,987,165092,"Lake Ifrah core",0.49005,1185605.18,4077,"concentration"
889,987,165093,"Lake Ifrah core",0.57005,1555853.37,4727,"concentration"
889,987,165094,"Lake Ifrah core",0.65005,2145149.46,5377,"concentration"
889,987,165095,"Lake Ifrah core",0.73005,2648369.85,6027,"concentration"
889,987,165096,"Lake Ifrah core",0.81005,2461156.82,6677,"concentration"
889,987,165097,"Lake Ifrah core",0.96005,2713473.63,7896,"concentration"
889,987,165098,"Lake Ifrah core",1.07005,2915778.85,8790,"concentration"
889,987,165099,"Lake Ifrah core",1.26005,2595172.86,10006,"concentration"
889,987,165100,"Lake Ifrah core",1.36005,2006377.52,10520,"concentration"
889,987,165101,"Lake Ifrah core",1.46005,1978878.29,11034,"concentration"
889,987,165102,"Lake Ifrah core",1.56005,815851.49,11548,"concentration"
889,987,165103,"Lake Ifrah core",1.66005,555630.98,12063,"concentration"
889,987,165104,"Lake Ifrah core",1.76005,686204.57,12577,"concentration"
889,987,165105,"Lake Ifrah core",1.83005,1127879.3,12937,"concentration"
889,987,165106,"Lake Ifrah core",1.93005,916163.64,13451,"concentration"
889,987,165107,"Lake Ifrah core",2.03005,646825.34,13965,"concentration"
889,987,165108,"Lake Ifrah core",2.13005,615464.46,14479,"concentration"
889,987,165109,"Lake Ifrah core",2.33005,653796.01,15508,"concentration"
889,987,165110,"Lake Ifrah core",2.75005,768873.75,17668,"concentration"
889,987,165111,"Lake Ifrah core",2.85005,649473.91,18182,"concentration"
889,987,165112,"Lake Ifrah core",2.95005,639502.32,18696,"concentration"
889,987,165113,"Lake Ifrah core",3.06005,592267.19,19262,"concentration"
889,987,165114,"Lake Ifrah core",3.36005,679873.11,20132,"concentration"
889,987,165115,"Lake Ifrah core",3.46005,582738.28,20326,"concentration"
889,987,165116,"Lake Ifrah core",3.66005,550957.6,20714,"concentration"
889,987,165117,"Lake Ifrah core",3.76005,616146.67,20908,"concentration"
889,987,165118,"Lake Ifrah core",4.08005,631719.24,21529,"concentration"
889,987,165119,"Lake Ifrah core",4.18005,500891.66,21723,"concentration"
889,987,165120,"Lake Ifrah core",4.28005,602827.82,21917,"concentration"
889,987,165121,"Lake Ifrah core",4.38005,503881.6,22111,"concentration"
889,987,165122,"Lake Ifrah core",4.48005,571341.63,22305,"concentration"
889,987,165123,"Lake Ifrah core",4.58005,542973.96,22499,"concentration"
889,987,165124,"Lake Ifrah core",4.68005,493600.5,22693,"concentration"
889,987,165125,"Lake Ifrah core",4.78005,462319.17,22887,"concentration"
889,987,165126,"Lake Ifrah core",5.28005,485331.83,23545,"concentration"
889,987,165127,"Lake Ifrah core",5.38005,470702.84,23609,"concentration"
889,987,165128,"Lake Ifrah core",5.48005,534311.88,23673,"concentration"
889,987,165129,"Lake Ifrah core",5.58005,493504.91,23737,"concentration"
889,987,165130,"Lake Ifrah core",5.68005,448679.32,23801,"concentration"
889,987,165131,"Lake Ifrah core",5.76005,487011.69,23852,"concentration"
889,987,165132,"Lake Ifrah core",5.86005,499617.03,23916,"concentration"
889,987,165133,"Lake Ifrah core",6.86005,511741.1,26784,"concentration"
889,987,165134,"Lake Ifrah core",6.96005,498474.59,27208,"concentration"
889,987,165135,"Lake Ifrah core",7.04005,445836.29,27546,"concentration"
892,990,165301,"Lake Sidi Ali core",7.305,177036.75,-52,"influx"
892,990,165302,"Lake Sidi Ali core",17.005,156363.74,-46,"influx"
892,990,165303,"Lake Sidi Ali core",26.605,270844.35,-41,"influx"
892,990,165304,"Lake Sidi Ali core",36.305,254039.01,-37,"influx"
892,990,165305,"Lake Sidi Ali core",46.005,181743.05,-33,"influx"
892,990,165306,"Lake Sidi Ali core",55.705,202455.4,-28,"influx"
892,990,165307,"Lake Sidi Ali core",65.405,1372278.05,-22,"influx"
892,990,165308,"Lake Sidi Ali core",75.105,205658.08,-16,"influx"
892,990,165309,"Lake Sidi Ali core",84.805,392904.87,-10,"influx"
892,990,165310,"Lake Sidi Ali core",94.505,178638.26,-6,"influx"
892,990,165311,"Lake Sidi Ali core",104.105,157591.36,-2,"influx"
892,990,165312,"Lake Sidi Ali core",113.805,57414.76,3,"influx"
892,990,165313,"Lake Sidi Ali core",123.505,96300.21,15,"influx"
892,990,165314,"Lake Sidi Ali core",133.205,833549.39,28,"influx"
892,990,165315,"Lake Sidi Ali core",142.905,148962.39,40,"influx"
892,990,165316,"Lake Sidi Ali core",152.605,111567.32,52,"influx"
892,990,165317,"Lake Sidi Ali core",162.305,351212.54,65,"influx"
892,990,165318,"Lake Sidi Ali core",172.005,16840.06,77,"influx"
892,990,165319,"Lake Sidi Ali core",181.605,30657.18,166,"influx"
892,990,165320,"Lake Sidi Ali core",203.505,15533.51,393,"influx"
892,990,165321,"Lake Sidi Ali core",213.505,52855.35,469,"influx"
892,990,165322,"Lake Sidi Ali core",223.505,19013.54,540,"influx"
892,990,165323,"Lake Sidi Ali core",233.505,17293.68,619,"influx"
892,990,165324,"Lake Sidi Ali core",243.505,22533.11,689,"influx"
892,990,165325,"Lake Sidi Ali core",254.005,9127.98,736,"influx"
892,990,165326,"Lake Sidi Ali core",263.505,60874.51,782,"influx"
892,990,165327,"Lake Sidi Ali core",273.505,19124.16,830,"influx"
892,990,165328,"Lake Sidi Ali core",283.505,39792.63,879,"influx"
892,990,165329,"Lake Sidi Ali core",293.505,63821.93,928,"influx"
892,990,165330,"Lake Sidi Ali core",303.505,18883.98,977,"influx"
892,990,165331,"Lake Sidi Ali core",313.505,43254.14,1026,"influx"
892,990,165332,"Lake Sidi Ali core",323.505,27427.5,1074,"influx"
892,990,165333,"Lake Sidi Ali core",333.505,21059.09,1122,"influx"
892,990,165334,"Lake Sidi Ali core",343.505,52790.98,1172,"influx"
892,990,165335,"Lake Sidi Ali core",353.505,80611.74,1221,"influx"
892,990,165336,"Lake Sidi Ali core",363.505,260606.24,1250,"influx"
892,990,165337,"Lake Sidi Ali core",373.505,57813.67,1282,"influx"
892,990,165338,"Lake Sidi Ali core",383.505,1037212.87,1312,"influx"
892,990,165339,"Lake Sidi Ali core",403.405,215709.72,1357,"influx"
892,990,165340,"Lake Sidi Ali core",413.305,62408.2,1377,"influx"
892,990,165341,"Lake Sidi Ali core",423.105,88764.86,1397,"influx"
892,990,165342,"Lake Sidi Ali core",433.005,62545.49,1417,"influx"
892,990,165343,"Lake Sidi Ali core",435.905,485472.21,1422,"influx"
892,990,165344,"Lake Sidi Ali core",442.805,101366.84,1436,"influx"
892,990,165345,"Lake Sidi Ali core",452.605,116715.96,1456,"influx"
892,990,165346,"Lake Sidi Ali core",462.505,82337.77,1476,"influx"
892,990,165347,"Lake Sidi Ali core",472.305,63507.73,1495,"influx"
892,990,165348,"Lake Sidi Ali core",482.205,31019.52,1514,"influx"
892,990,165349,"Lake Sidi Ali core",492.005,37457.8,1541,"influx"
892,990,165350,"Lake Sidi Ali core",501.805,66842.15,1561,"influx"
892,990,165351,"Lake Sidi Ali core",511.705,12545.67,1584,"influx"
892,990,165352,"Lake Sidi Ali core",521.505,69979.02,1607,"influx"
892,990,165353,"Lake Sidi Ali core",531.405,85660.14,1630,"influx"
892,990,165354,"Lake Sidi Ali core",541.205,156363.74,1653,"influx"
892,990,165355,"Lake Sidi Ali core",551.105,63770.82,1676,"influx"
892,990,165356,"Lake Sidi Ali core",560.905,51323.22,1699,"influx"
892,990,165357,"Lake Sidi Ali core",570.705,33127.4,1722,"influx"
892,990,165358,"Lake Sidi Ali core",580.605,25769.84,1744,"influx"
892,990,165359,"Lake Sidi Ali core",609.105,39248.31,1846,"influx"
892,990,165360,"Lake Sidi Ali core",618.605,19652.59,1888,"influx"
892,990,165361,"Lake Sidi Ali core",628.105,34278.96,1929,"influx"
892,990,165362,"Lake Sidi Ali core",637.705,52611.59,1971,"influx"
892,990,165363,"Lake Sidi Ali core",647.205,28881.03,2012,"influx"
892,990,165364,"Lake Sidi Ali core",656.705,156860.14,2054,"influx"
892,990,165365,"Lake Sidi Ali core",666.305,19014.37,2096,"influx"
892,990,165366,"Lake Sidi Ali core",675.805,37540.16,2137,"influx"
892,990,165367,"Lake Sidi Ali core",685.305,24862.8,2179,"influx"
892,990,165368,"Lake Sidi Ali core",694.905,352772.35,2222,"influx"
892,990,165369,"Lake Sidi Ali core",704.405,43365.49,2302,"influx"
892,990,165370,"Lake Sidi Ali core",714.005,42775.26,2377,"influx"
892,990,165371,"Lake Sidi Ali core",723.505,21623.72,2455,"influx"
892,990,165372,"Lake Sidi Ali core",733.005,25359.47,2534,"influx"
892,990,165373,"Lake Sidi Ali core",739.705,11611.48,2590,"influx"
892,990,165374,"Lake Sidi Ali core",752.105,22785.57,2694,"influx"
892,990,165375,"Lake Sidi Ali core",761.605,22767.16,2773,"influx"
892,990,165376,"Lake Sidi Ali core",771.205,30317.58,2852,"influx"
892,990,165377,"Lake Sidi Ali core",780.705,156841.09,2921,"influx"
892,990,165378,"Lake Sidi Ali core",806.305,28598.24,3119,"influx"
892,990,165379,"Lake Sidi Ali core",816.005,58364.86,3185,"influx"
892,990,165380,"Lake Sidi Ali core",825.705,22470.04,3252,"influx"
892,990,165381,"Lake Sidi Ali core",835.405,73457.15,3319,"influx"
892,990,165382,"Lake Sidi Ali core",845.005,40793.38,3385,"influx"
892,990,165383,"Lake Sidi Ali core",854.705,73888,3452,"influx"
892,990,165384,"Lake Sidi Ali core",864.405,253551.77,3518,"influx"
892,990,165385,"Lake Sidi Ali core",874.105,173824.91,3584,"influx"
892,990,165386,"Lake Sidi Ali core",883.805,86137.22,3648,"influx"
892,990,165387,"Lake Sidi Ali core",887.705,63558.1,3671,"influx"
892,990,165388,"Lake Sidi Ali core",893.505,152475.33,3721,"influx"
892,990,165389,"Lake Sidi Ali core",903.205,50901.02,3786,"influx"
892,990,165390,"Lake Sidi Ali core",912.805,20340.63,3846,"influx"
892,990,165391,"Lake Sidi Ali core",922.505,10635.26,3906,"influx"
892,990,165392,"Lake Sidi Ali core",931.205,277609.35,3961,"influx"
892,990,165393,"Lake Sidi Ali core",941.905,41826.96,4029,"influx"
892,990,165394,"Lake Sidi Ali core",951.605,49728.79,4090,"influx"
892,990,165395,"Lake Sidi Ali core",961.305,74370.46,4151,"influx"
892,990,165396,"Lake Sidi Ali core",971.005,224957.03,4212,"influx"
892,990,165397,"Lake Sidi Ali core",980.605,439788.75,4272,"influx"
892,990,165398,"Lake Sidi Ali core",1005.605,25503.77,4376,"influx"
892,990,165399,"Lake Sidi Ali core",1015.705,25631.57,4433,"influx"
892,990,165400,"Lake Sidi Ali core",1025.805,19780.44,4494,"influx"
892,990,165401,"Lake Sidi Ali core",1035.905,16947.24,4556,"influx"
892,990,165402,"Lake Sidi Ali core",1043.005,191580.81,4600,"influx"
892,990,165403,"Lake Sidi Ali core",1046.005,21105.59,4618,"influx"
892,990,165404,"Lake Sidi Ali core",1056.205,15938.33,4681,"influx"
892,990,165405,"Lake Sidi Ali core",1066.305,23691.57,4743,"influx"
892,990,165406,"Lake Sidi Ali core",1076.405,29391.65,4804,"influx"
892,990,165407,"Lake Sidi Ali core",1086.505,32508.14,4865,"influx"
892,990,165408,"Lake Sidi Ali core",1096.605,22502.59,4919,"influx"
892,990,165409,"Lake Sidi Ali core",1106.705,10858.06,5016,"influx"
892,990,165410,"Lake Sidi Ali core",1116.905,95766.97,5123,"influx"
892,990,165411,"Lake Sidi Ali core",1127.005,16328.62,5226,"influx"
892,990,165412,"Lake Sidi Ali core",1137.105,9441.77,5329,"influx"
892,990,165413,"Lake Sidi Ali core",1147.205,9527.52,5432,"influx"
892,990,165414,"Lake Sidi Ali core",1157.305,17582.73,5535,"influx"
892,990,165415,"Lake Sidi Ali core",1169.505,10148.79,5658,"influx"
892,990,165416,"Lake Sidi Ali core",1201.505,30187.46,5925,"influx"
892,990,165417,"Lake Sidi Ali core",1204.605,39926.88,5945,"influx"
892,990,165418,"Lake Sidi Ali core",1214.705,19102.73,6009,"influx"
892,990,165419,"Lake Sidi Ali core",1224.405,24572.06,6070,"influx"
892,990,165420,"Lake Sidi Ali core",1235.005,32038.86,6138,"influx"
892,990,165421,"Lake Sidi Ali core",1245.205,30654.62,6202,"influx"
892,990,165422,"Lake Sidi Ali core",1255.405,33470.36,6267,"influx"
892,990,165423,"Lake Sidi Ali core",1265.505,33410.73,6331,"influx"
892,990,165424,"Lake Sidi Ali core",1275.705,39787.38,6396,"influx"
892,990,165425,"Lake Sidi Ali core",1285.805,26775.21,6459,"influx"
892,990,165426,"Lake Sidi Ali core",1296.005,20589.08,6525,"influx"
892,990,165427,"Lake Sidi Ali core",1306.205,33509.89,6663,"influx"
892,990,165428,"Lake Sidi Ali core",1316.305,24125.84,6791,"influx"
892,990,165429,"Lake Sidi Ali core",1326.505,30389.84,6937,"influx"
892,990,165430,"Lake Sidi Ali core",1336.505,45063.33,7082,"influx"
892,990,165431,"Lake Sidi Ali core",1346.805,16366.59,7233,"influx"
892,990,165432,"Lake Sidi Ali core",1357.005,22256.23,7383,"influx"
892,990,165433,"Lake Sidi Ali core",1367.105,41640.33,7531,"influx"
892,990,165434,"Lake Sidi Ali core",1377.305,15508.6,7678,"influx"
892,990,165435,"Lake Sidi Ali core",1387.405,22822.51,7820,"influx"
892,990,165436,"Lake Sidi Ali core",1390.505,22442,7862,"influx"
892,990,165437,"Lake Sidi Ali core",1395.005,47104.41,7936,"influx"
892,990,165438,"Lake Sidi Ali core",1400.505,12948,8025,"influx"
892,990,165439,"Lake Sidi Ali core",1407.905,21347.92,8108,"influx"
892,990,165440,"Lake Sidi Ali core",1418.405,18759.54,8226,"influx"
892,990,165441,"Lake Sidi Ali core",1428.905,21456.21,8345,"influx"
892,990,165442,"Lake Sidi Ali core",1439.405,21502,8464,"influx"
892,990,165443,"Lake Sidi Ali core",1449.805,14772.01,8583,"influx"
892,990,165444,"Lake Sidi Ali core",1460.305,43301.67,8702,"influx"
892,990,165445,"Lake Sidi Ali core",1470.805,11946.85,8820,"influx"
892,990,165446,"Lake Sidi Ali core",1481.305,24340.54,8940,"influx"
892,990,165447,"Lake Sidi Ali core",1491.805,16321.15,9052,"influx"
892,990,165448,"Lake Sidi Ali core",1502.305,30636.66,9176,"influx"
892,990,165449,"Lake Sidi Ali core",1512.805,40074.19,9259,"influx"
892,990,165450,"Lake Sidi Ali core",1523.305,31582.3,9346,"influx"
892,990,165451,"Lake Sidi Ali core",1533.805,37409.96,9433,"influx"
892,990,165452,"Lake Sidi Ali core",1544.305,55917.32,9521,"influx"
892,990,165453,"Lake Sidi Ali core",1554.805,19729.58,9609,"influx"
892,990,165454,"Lake Sidi Ali core",1565.305,25737.02,9697,"influx"
892,990,165455,"Lake Sidi Ali core",1575.805,19202.49,9784,"influx"
892,990,165456,"Lake Sidi Ali core",1586.305,25462.54,9870,"influx"
892,990,165457,"Lake Sidi Ali core",1594.505,32864.68,9940,"influx"
892,990,165458,"Lake Sidi Ali core",1601.605,21104.56,10016,"influx"
892,990,165459,"Lake Sidi Ali core",1609.005,17152.35,10070,"influx"
892,990,165460,"Lake Sidi Ali core",1619.605,16645.93,10155,"influx"
892,990,165461,"Lake Sidi Ali core",1626.005,24830.23,10207,"influx"
892,990,165462,"Lake Sidi Ali core",1636.605,21365.04,10294,"influx"
892,990,165463,"Lake Sidi Ali core",1647.205,15507.56,10381,"influx"
892,990,165464,"Lake Sidi Ali core",1657.805,29932.15,10469,"influx"
892,990,165465,"Lake Sidi Ali core",1668.505,20944.38,10556,"influx"
892,990,165466,"Lake Sidi Ali core",1679.105,122503.4,10643,"influx"
892,990,165467,"Lake Sidi Ali core",1689.705,32256.11,10723,"influx"
892,990,165468,"Lake Sidi Ali core",1700.305,46066.56,10803,"influx"
892,990,165469,"Lake Sidi Ali core",1710.905,22842.59,10853,"influx"
892,990,165470,"Lake Sidi Ali core",1721.505,17126.13,10902,"influx"
892,990,165471,"Lake Sidi Ali core",1732.205,30727.37,10952,"influx"
892,990,165472,"Lake Sidi Ali core",1742.805,16068.21,11001,"influx"
892,990,165473,"Lake Sidi Ali core",1753.405,37170.22,11050,"influx"
892,990,165474,"Lake Sidi Ali core",1764.005,30580.97,11099,"influx"
892,990,165475,"Lake Sidi Ali core",1774.605,25482.89,11148,"influx"
892,990,165476,"Lake Sidi Ali core",1785.205,23749.8,11197,"influx"
892,990,165477,"Lake Sidi Ali core",1792.505,37465.34,11231,"influx"
892,990,165478,"Lake Sidi Ali core",1804.505,14923.51,11294,"influx"
892,990,165479,"Lake Sidi Ali core",1814.505,18629.13,11334,"influx"
892,990,165480,"Lake Sidi Ali core",1826.505,30174.59,11386,"influx"
892,990,165481,"Lake Sidi Ali core",1834.505,48400.58,11421,"influx"
892,990,165482,"Lake Sidi Ali core",1837.505,31146.65,11434,"influx"
892,990,165483,"Lake Sidi Ali core",1844.505,18035.19,11465,"influx"
892,990,165484,"Lake Sidi Ali core",1854.505,8452.09,11509,"influx"
892,990,165485,"Lake Sidi Ali core",1859.505,34848.31,11532,"influx"
892,990,165486,"Lake Sidi Ali core",1864.505,20706.11,11554,"influx"
892,990,165487,"Lake Sidi Ali core",1872.505,19748.8,11589,"influx"
892,990,165488,"Lake Sidi Ali core",1874.505,20668.55,11598,"influx"
892,990,165489,"Lake Sidi Ali core",1884.505,13521.18,11642,"influx"
892,990,165490,"Lake Sidi Ali core",1894.505,13289.56,11686,"influx"
892,990,165491,"Lake Sidi Ali core",1904.505,15879.56,11730,"influx"
892,990,165492,"Lake Sidi Ali core",1910.505,26460.11,11757,"influx"
892,990,165493,"Lake Sidi Ali core",1914.505,24668.36,11775,"influx"
892,990,165494,"Lake Sidi Ali core",1922.505,26380.18,11810,"influx"
892,990,165495,"Lake Sidi Ali core",1924.505,15254.79,11818,"influx"
892,990,165496,"Lake Sidi Ali core",1934.505,31213.43,11862,"influx"
892,990,165497,"Lake Sidi Ali core",1937.505,31386.14,11875,"influx"
892,990,165498,"Lake Sidi Ali core",1944.505,64484.32,11904,"influx"
892,990,165499,"Lake Sidi Ali core",1951.505,47400.33,11934,"influx"
892,990,165500,"Lake Sidi Ali core",1956.505,13695.33,11961,"influx"
895,994,165555,"Laguna Grande core_conc",10.0005,130,77,"concentration"
895,994,165557,"Laguna Grande core_conc",12.0005,130,162,"concentration"
895,994,165559,"Laguna Grande core_conc",14.0005,302,247,"concentration"
895,994,165561,"Laguna Grande core_conc",16.0005,126,332,"concentration"
895,994,165563,"Laguna Grande core_conc",18.0005,215,417,"concentration"
895,994,165565,"Laguna Grande core_conc",20.0005,244,502,"concentration"
895,994,165567,"Laguna Grande core_conc",22.0005,290,550,"concentration"
895,994,165569,"Laguna Grande core_conc",24.0005,296,598,"concentration"
895,994,165571,"Laguna Grande core_conc",26.0005,111,646,"concentration"
895,994,165573,"Laguna Grande core_conc",28.0005,209,694,"concentration"
895,994,165575,"Laguna Grande core_conc",30.0005,109,743,"concentration"
895,994,165577,"Laguna Grande core_conc",32.0005,231,791,"concentration"
895,994,165579,"Laguna Grande core_conc",34.0005,395,839,"concentration"
895,994,165581,"Laguna Grande core_conc",36.0005,164,887,"concentration"
895,994,165583,"Laguna Grande core_conc",38.0005,1165,1346,"concentration"
895,994,165585,"Laguna Grande core_conc",40.0005,1716,1806,"concentration"
895,994,165587,"Laguna Grande core_conc",42.0005,812,2265,"concentration"
895,994,165589,"Laguna Grande core_conc",44.0005,386,2725,"concentration"
895,994,165591,"Laguna Grande core_conc",46.0005,1045,3184,"concentration"
895,994,165593,"Laguna Grande core_conc",48.0005,274,3644,"concentration"
895,994,165595,"Laguna Grande core_conc",50.0005,208,4103,"concentration"
895,994,165597,"Laguna Grande core_conc",52.0005,271,4627,"concentration"
895,994,165599,"Laguna Grande core_conc",54.0005,200,5216,"concentration"
895,994,165601,"Laguna Grande core_conc",56.0005,60,5804,"concentration"
895,994,165603,"Laguna Grande core_conc",58.0005,183,6392,"concentration"
895,994,165605,"Laguna Grande core_conc",60.0005,121,6981,"concentration"
895,994,165607,"Laguna Grande core_conc",62.0005,103,7398,"concentration"
895,994,165609,"Laguna Grande core_conc",64.0005,102,7644,"concentration"
895,994,165611,"Laguna Grande core_conc",66.0005,64,7889,"concentration"
895,994,165613,"Laguna Grande core_conc",68.0005,64,8135,"concentration"
895,994,165615,"Laguna Grande core_conc",70.0005,61,8381,"concentration"
895,994,165617,"Laguna Grande core_conc",72.0005,76,8627,"concentration"
895,994,165619,"Laguna Grande core_conc",74.0005,26,8873,"concentration"
895,994,165621,"Laguna Grande core_conc",76.0005,48,9118,"concentration"
895,994,165623,"Laguna Grande core_conc",78.0005,29,9364,"concentration"
895,994,165625,"Laguna Grande core_conc",80.0005,36,9610,"concentration"
895,994,165627,"Laguna Grande core_conc",82.0005,21,9856,"concentration"
1832,2287,400876,"Bereket Basin composite core",0.1134,97.3236,-27,"concentration"
1832,2287,400877,"Bereket Basin composite core",0.1977,97.3236,-9,"concentration"
1832,2287,400878,"Bereket Basin composite core",0.2994,204.3796,12,"concentration"
1832,2287,400879,"Bereket Basin composite core",0.4099,486.618,35,"concentration"
1832,2287,400880,"Bereket Basin composite core",0.5145,2515.8151,57,"concentration"
1832,2287,400881,"Bereket Basin composite core",0.6163,2686.1314,78,"concentration"
1832,2287,400882,"Bereket Basin composite core",0.7093,34.0633,97,"concentration"
1832,2287,400883,"Bereket Basin composite core",0.8314,0,122,"concentration"
1832,2287,400884,"Bereket Basin composite core",0.9797,0,332,"concentration"
1832,2287,400885,"Bereket Basin composite core",1.0174,0,394,"concentration"
1832,2287,400886,"Bereket Basin composite core",1.0988,34.0633,527,"concentration"
1832,2287,400887,"Bereket Basin composite core",1.1831,82.7251,666,"concentration"
1832,2287,400888,"Bereket Basin composite core",1.314,296.837,881,"concentration"
1832,2287,400889,"Bereket Basin composite core",1.4157,82.7251,1048,"concentration"
1832,2287,400890,"Bereket Basin composite core",1.5203,97.3236,1219,"concentration"
1832,2287,400891,"Bereket Basin composite core",1.6221,501.2166,1322,"concentration"
1832,2287,400892,"Bereket Basin composite core",1.7326,452.5547,1367,"concentration"
1832,2287,400893,"Bereket Basin composite core",1.8547,1532.8467,1416,"concentration"
1832,2287,400894,"Bereket Basin composite core",1.9099,1766.4234,1439,"concentration"
1832,2287,400895,"Bereket Basin composite core",1.968,2277.3723,1462,"concentration"
1832,2287,400896,"Bereket Basin composite core",2.0233,48.6618,1582,"concentration"
1832,2287,400897,"Bereket Basin composite core",2.0872,48.6618,1624,"concentration"
1832,2287,400898,"Bereket Basin composite core",2.1628,34.0633,1642,"concentration"
1832,2287,400899,"Bereket Basin composite core",2.2267,34.0633,1658,"concentration"
1832,2287,400900,"Bereket Basin composite core",2.2849,34.0633,1672,"concentration"
1832,2287,400901,"Bereket Basin composite core",2.3401,34.0633,1685,"concentration"
1832,2287,400902,"Bereket Basin composite core",2.3953,34.0633,1699,"concentration"
1832,2287,400903,"Bereket Basin composite core",2.4797,34.0633,1719,"concentration"
1832,2287,400904,"Bereket Basin composite core",2.5727,141.1192,1742,"concentration"
1832,2287,400905,"Bereket Basin composite core",2.6657,48.6618,1765,"concentration"
1832,2287,400906,"Bereket Basin composite core",2.7297,34.0633,1780,"concentration"
1832,2287,400907,"Bereket Basin composite core",2.814,141.1192,1801,"concentration"
1832,2287,400908,"Bereket Basin composite core",2.8605,671.5329,1812,"concentration"
1832,2287,400909,"Bereket Basin composite core",2.8983,423.3577,1814,"concentration"
1832,2287,400910,"Bereket Basin composite core",2.9448,48.6618,1817,"concentration"
1832,2287,400911,"Bereket Basin composite core",2.9826,34.0633,1819,"concentration"
1832,2287,400912,"Bereket Basin composite core",3.0291,63.2603,1821,"concentration"
1832,2287,400913,"Bereket Basin composite core",3.0843,34.0633,1824,"concentration"
1832,2287,400914,"Bereket Basin composite core",3.1308,63.2603,1827,"concentration"
1832,2287,400915,"Bereket Basin composite core",3.1977,345.4988,1831,"concentration"
1832,2287,400916,"Bereket Basin composite core",3.2238,1299.2701,1832,"concentration"
1832,2287,400917,"Bereket Basin composite core",3.2703,875.9124,1835,"concentration"
1832,2287,400918,"Bereket Basin composite core",3.3081,1250.6083,1837,"concentration"
1832,2287,400919,"Bereket Basin composite core",3.3547,1377.129,1839,"concentration"
1832,2287,400920,"Bereket Basin composite core",3.3837,189.781,1841,"concentration"
1832,2287,400921,"Bereket Basin composite core",3.42,867.6471,1843,"concentration"
1832,2287,400922,"Bereket Basin composite core",3.4578,490.1961,1845,"concentration"
1832,2287,400923,"Bereket Basin composite core",3.513,803.9216,1848,"concentration"
1832,2287,400924,"Bereket Basin composite core",3.5333,318.6275,1849,"concentration"
1832,2287,400925,"Bereket Basin composite core",3.5507,240.1961,1850,"concentration"
1832,2287,400926,"Bereket Basin composite core",3.6059,568.6275,1853,"concentration"
1832,2287,400927,"Bereket Basin composite core",3.6437,191.1765,1855,"concentration"
1832,2287,400928,"Bereket Basin composite core",3.6815,49.0196,1857,"concentration"
1832,2287,400929,"Bereket Basin composite core",3.7367,127.451,1860,"concentration"
1832,2287,400930,"Bereket Basin composite core",3.7745,220.5882,1862,"concentration"
1832,2287,400931,"Bereket Basin composite core",3.8122,63.7255,1864,"concentration"
1832,2287,400932,"Bereket Basin composite core",3.8587,83.3333,1867,"concentration"
1832,2287,400933,"Bereket Basin composite core",3.9052,49.0196,1869,"concentration"
1832,2287,400934,"Bereket Basin composite core",3.9807,63.7255,1874,"concentration"
1832,2287,400935,"Bereket Basin composite core",4.0272,98.0392,1876,"concentration"
1832,2287,400936,"Bereket Basin composite core",4.0824,34.3137,1879,"concentration"
1832,2287,400937,"Bereket Basin composite core",4.158,0,1883,"concentration"
1832,2287,400938,"Bereket Basin composite core",4.3149,34.3137,1892,"concentration"
1832,2287,400939,"Bereket Basin composite core",4.3788,98.0392,1895,"concentration"
1832,2287,400940,"Bereket Basin composite core",4.4282,348.0392,1898,"concentration"
1832,2287,400941,"Bereket Basin composite core",4.5008,519.6078,1902,"concentration"
1832,2287,400942,"Bereket Basin composite core",4.5764,362.7451,1906,"concentration"
1832,2287,400943,"Bereket Basin composite core",4.6316,161.7647,1909,"concentration"
1832,2287,400944,"Bereket Basin composite core",4.742,34.3137,1920,"concentration"
1832,2287,400945,"Bereket Basin composite core",4.8001,34.3137,1929,"concentration"
1832,2287,400946,"Bereket Basin composite core",4.8553,34.3137,1937,"concentration"
1832,2287,400947,"Bereket Basin composite core",4.9192,63.7255,1947,"concentration"
1832,2287,400948,"Bereket Basin composite core",5.0122,254.902,1961,"concentration"
1832,2287,400949,"Bereket Basin composite core",5.079,299.0196,1972,"concentration"
1832,2287,400950,"Bereket Basin composite core",5.1342,960.7843,1980,"concentration"
1832,2287,400951,"Bereket Basin composite core",5.2359,377.451,1996,"concentration"
1832,2287,400952,"Bereket Basin composite core",5.3114,49.0196,2008,"concentration"
1832,2287,400953,"Bereket Basin composite core",5.3492,49.0196,2014,"concentration"
1832,2287,400954,"Bereket Basin composite core",5.387,63.7255,2019,"concentration"
1832,2287,400955,"Bereket Basin composite core",5.4334,63.7255,2027,"concentration"
1832,2287,400956,"Bereket Basin composite core",5.4509,142.1569,2029,"concentration"
1832,2287,400957,"Bereket Basin composite core",5.4974,254.902,2037,"concentration"
1832,2287,400958,"Bereket Basin composite core",5.5177,333.3333,2040,"concentration"
1832,2287,400959,"Bereket Basin composite core",5.5526,220.5882,2045,"concentration"
1832,2287,400960,"Bereket Basin composite core",5.6107,98.0392,2054,"concentration"
1832,2287,400961,"Bereket Basin composite core",5.6368,98.0392,2058,"concentration"
1832,2287,400962,"Bereket Basin composite core",5.6659,83.3333,2063,"concentration"
1832,2287,400963,"Bereket Basin composite core",5.7036,83.3333,2069,"concentration"
1832,2287,400964,"Bereket Basin composite core",5.7124,220.5882,2070,"concentration"
1832,2287,400965,"Bereket Basin composite core",5.7298,299.0196,2073,"concentration"
1832,2287,400966,"Bereket Basin composite core",5.7501,284.3137,2076,"concentration"
1832,2287,400967,"Bereket Basin composite core",5.7676,362.7451,2078,"concentration"
1832,2287,400968,"Bereket Basin composite core",5.8053,411.7647,2084,"concentration"
1832,2287,400969,"Bereket Basin composite core",5.8228,490.1961,2087,"concentration"
1832,2287,400970,"Bereket Basin composite core",5.8605,455.8824,2093,"concentration"
1832,2287,400971,"Bereket Basin composite core",5.8896,362.7451,2097,"concentration"
1832,2287,400972,"Bereket Basin composite core",5.9448,205.8824,2106,"concentration"
1832,2287,400973,"Bereket Basin composite core",5.9622,98.0392,2109,"concentration"
1832,2287,400974,"Bereket Basin composite core",5.9826,34.3137,2112,"concentration"
1832,2287,400975,"Bereket Basin composite core",6.0378,34.3137,2120,"concentration"
1832,2287,400976,"Bereket Basin composite core",6.0668,83.3333,2125,"concentration"
1832,2287,400977,"Bereket Basin composite core",6.093,83.3333,2129,"concentration"
1832,2287,400978,"Bereket Basin composite core",6.1482,98.0392,2133,"concentration"
1832,2287,400979,"Bereket Basin composite core",6.2063,63.7255,2138,"concentration"
1832,2287,400980,"Bereket Basin composite core",6.2615,377.451,2141,"concentration"
1832,2287,400981,"Bereket Basin composite core",6.308,112.7451,2145,"concentration"
1832,2287,400982,"Bereket Basin composite core",6.3545,284.3137,2148,"concentration"
1832,2287,400983,"Bereket Basin composite core",6.3835,632.3529,2150,"concentration"
1832,2287,400984,"Bereket Basin composite core",6.4184,411.7647,2153,"concentration"
1832,2287,400985,"Bereket Basin composite core",6.4561,534.3137,2155,"concentration"
1832,2287,400986,"Bereket Basin composite core",6.5114,583.3333,2159,"concentration"
1832,2287,400987,"Bereket Basin composite core",6.5578,475.4902,2163,"concentration"
1832,2287,400988,"Bereket Basin composite core",6.5956,598.0392,2165,"concentration"
1832,2287,400989,"Bereket Basin composite core",6.6537,475.4902,2169,"concentration"
1832,2287,400990,"Bereket Basin composite core",6.7002,475.4902,2173,"concentration"
1832,2287,400991,"Bereket Basin composite core",6.7467,519.6078,2176,"concentration"
1832,2287,400992,"Bereket Basin composite core",6.8106,519.6078,2181,"concentration"
1832,2287,400993,"Bereket Basin composite core",6.8658,490.1961,2184,"concentration"
1832,2287,400994,"Bereket Basin composite core",6.8949,333.3333,2187,"concentration"
1832,2287,400995,"Bereket Basin composite core",6.9326,377.451,2189,"concentration"
1832,2287,400996,"Bereket Basin composite core",6.9501,299.0196,2190,"concentration"
1832,2287,400997,"Bereket Basin composite core",7.0169,362.7451,2195,"concentration"
1832,2287,400998,"Bereket Basin composite core",7.0343,1009.8039,2196,"concentration"
1832,2287,400999,"Bereket Basin composite core",7.0721,696.0784,2199,"concentration"
1832,2287,401000,"Bereket Basin composite core",7.0982,960.7843,2201,"concentration"
1832,2287,401001,"Bereket Basin composite core",7.1186,1053.9216,2202,"concentration"
1832,2287,401002,"Bereket Basin composite core",7.136,1465.6863,2204,"concentration"
1832,2287,401003,"Bereket Basin composite core",7.1564,1509.8039,2205,"concentration"
1832,2287,401004,"Bereket Basin composite core",7.1825,1308.8235,2207,"concentration"
1832,2287,401005,"Bereket Basin composite core",7.2116,1308.8235,2209,"concentration"
1832,2287,401006,"Bereket Basin composite core",7.2493,1132.3529,2212,"concentration"
1832,2287,401007,"Bereket Basin composite core",7.2958,975.4902,2215,"concentration"
1832,2287,401008,"Bereket Basin composite core",7.322,1117.6471,2217,"concentration"
1832,2287,401009,"Bereket Basin composite core",7.3423,1181.3725,2218,"concentration"
1832,2287,401010,"Bereket Basin composite core",7.3801,774.5098,2221,"concentration"
1832,2287,401011,"Bereket Basin composite core",7.4062,740.1961,2223,"concentration"
1832,2287,401012,"Bereket Basin composite core",7.4149,1147.0588,2224,"concentration"
1832,2287,401013,"Bereket Basin composite core",7.444,1117.6471,2226,"concentration"
1832,2287,401014,"Bereket Basin composite core",7.473,1259.8039,2228,"concentration"
1832,2287,401015,"Bereket Basin composite core",7.4992,1289.2157,2229,"concentration"
1832,2287,401016,"Bereket Basin composite core",7.5195,1117.6471,2231,"concentration"
1832,2287,401017,"Bereket Basin composite core",7.537,990.1961,2232,"concentration"
1832,2287,401018,"Bereket Basin composite core",7.566,1053.9216,2234,"concentration"
1832,2287,401019,"Bereket Basin composite core",7.5922,1431.3725,2236,"concentration"
1832,2287,401020,"Bereket Basin composite core",7.6125,1509.8039,2238,"concentration"
1832,2287,401021,"Bereket Basin composite core",7.6299,1465.6863,2239,"concentration"
1832,2287,401022,"Bereket Basin composite core",7.6386,1759.8039,2240,"concentration"
1832,2287,401023,"Bereket Basin composite core",7.6677,1446.0784,2241,"concentration"
1832,2287,401024,"Bereket Basin composite core",7.6968,754.902,2243,"concentration"
1832,2287,401025,"Bereket Basin composite core",7.7055,1950.9804,2244,"concentration"
1832,2287,401026,"Bereket Basin composite core",7.7229,2058.8235,2245,"concentration"
1832,2287,401027,"Bereket Basin composite core",7.7316,2122.549,2246,"concentration"
1832,2287,401028,"Bereket Basin composite core",7.7607,2107.8431,2248,"concentration"
1832,2287,401029,"Bereket Basin composite core",7.7694,519.6078,2249,"concentration"
1832,2287,401030,"Bereket Basin composite core",7.7984,1024.5098,2251,"concentration"
1832,2287,401031,"Bereket Basin composite core",7.8072,1901.9608,2252,"concentration"
1832,2287,401032,"Bereket Basin composite core",7.8246,1588.2353,2253,"concentration"
1832,2287,401033,"Bereket Basin composite core",7.8449,1872.549,2361,"concentration"
1832,2287,401034,"Bereket Basin composite core",7.8536,142.1569,2425,"concentration"
1832,2287,401035,"Bereket Basin composite core",7.8827,299.0196,2636,"concentration"
1832,2287,401036,"Bereket Basin composite core",7.8914,362.7451,2699,"concentration"
1832,2287,401037,"Bereket Basin composite core",7.9089,63.7255,2826,"concentration"
1832,2287,401038,"Bereket Basin composite core",7.9466,98.0392,3100,"concentration"
1832,2287,401039,"Bereket Basin composite core",7.9641,176.4706,3227,"concentration"
1832,2287,401040,"Bereket Basin composite core",7.9757,676.4706,3311,"concentration"
1832,2287,401041,"Bereket Basin composite core",7.9931,98.0392,3438,"concentration"
1971,2444,418499,"Almalou3",0.1,2557,43,"count"
1971,2444,418500,"Almalou3",0.16,33,69,"count"
1971,2444,418501,"Almalou3",0.25,48,111,"count"
1971,2444,418502,"Almalou3",0.35,71,207,"count"
1971,2444,418503,"Almalou3",0.42,203,275,"count"
1971,2444,418504,"Almalou3",0.58,113,429,"count"
1971,2444,418505,"Almalou3",0.66,449,507,"count"
1971,2444,418506,"Almalou3",0.74,13,584,"count"
1971,2444,418507,"Almalou3",0.82,39,661,"count"
1971,2444,418508,"Almalou3",1,904,834,"count"
1971,2444,418509,"Almalou3",1.08,15,901,"count"
1971,2444,418510,"Almalou3",1.16,16,968,"count"
1971,2444,418511,"Almalou3",1.24,28,1035,"count"
1971,2444,418512,"Almalou3",1.32,28,1102,"count"
1971,2444,418513,"Almalou3",1.48,28,1235,"count"
1971,2444,418514,"Almalou3",1.56,50,1302,"count"
1971,2444,418515,"Almalou3",1.64,16,1367,"count"
1971,2444,418516,"Almalou3",1.72,13,1430,"count"
1971,2444,418517,"Almalou3",1.8,29,1493,"count"
1971,2444,418518,"Almalou3",1.88,10,1556,"count"
1971,2444,418519,"Almalou3",1.98,4,1634,"count"
1971,2444,418520,"Almalou3",2.14,4,1760,"count"
1971,2444,418521,"Almalou3",2.22,20,1823,"count"
1971,2444,418522,"Almalou3",2.3,14,1885,"count"
1971,2444,418523,"Almalou3",2.38,8,1948,"count"
1971,2444,418524,"Almalou3",2.46,8,1989,"count"
1971,2444,418525,"Almalou3",2.54,22,2025,"count"
1971,2444,418526,"Almalou3",2.62,7,2062,"count"
1971,2444,418527,"Almalou3",2.7,5,2098,"count"
1971,2444,418528,"Almalou3",2.86,28,2170,"count"
1971,2444,418529,"Almalou3",2.94,35,2206,"count"
1971,2444,418530,"Almalou3",3.02,14,2242,"count"
1971,2444,418531,"Almalou3",3.1,49,2278,"count"
1971,2444,418532,"Almalou3",3.18,27,2302,"count"
1971,2444,418533,"Almalou3",3.26,6,2324,"count"
1971,2444,418534,"Almalou3",3.34,9,2345,"count"
1971,2444,418535,"Almalou3",3.42,24,2366,"count"
1971,2444,418536,"Almalou3",3.58,17,2409,"count"
1971,2444,418537,"Almalou3",3.66,43,2430,"count"
1971,2444,418538,"Almalou3",3.74,14,2454,"count"
1971,2444,418539,"Almalou3",3.82,14,2515,"count"
1971,2444,418540,"Almalou3",3.9,9,2577,"count"
1971,2444,418541,"Almalou3",3.98,21,2638,"count"
1971,2444,418542,"Almalou3",4.06,42,2699,"count"
1971,2444,418543,"Almalou3",4.14,59,2761,"count"
1971,2444,418544,"Almalou3",4.22,24,2822,"count"
1971,2444,418545,"Almalou3",4.3,17,2884,"count"
1971,2444,418546,"Almalou3",4.38,26,2945,"count"
1971,2444,418547,"Almalou3",4.46,1809,3006,"count"
1971,2444,418548,"Almalou3",4.54,2428,3068,"count"
1971,2444,418549,"Almalou3",4.62,3182,3199,"count"
1971,2444,418550,"Almalou3",4.7,90,3483,"count"
